Company Name,Title,job_posting_url,Application Deadline,Type,Location,Country,Industry,Industry Sub-Category,Seniority,Office Status
Natwest Group,Internal Audit & Risk Internship,https://jobs.natwestgroup.com/jobs/13295700-internal-audit-risk-internship,Rolling,Internship,London,UK,Banking,Audit,Entry-level,Hybrid
Coventry Building Society,Legal Risk & Controls Summer Internship,https://www.coventrycareers.co.uk/vacancies/7603/graduate-internship--legal-risk--control-legal-counsel.html,Rolling,Internship,London,UK,Banking,Law,Entry-level,Hybrid
Charles River Associates ,Summer Internship Programme (EU),https://boards.greenhouse.io/embed/job_app?for=charlesriverassociates&token=5395642,N/A,Internship,London,UK,Consulting,Economic Consulting,Entry-level,Hybrid
Wood Mackenzie,Consulting Internship,https://jobs.smartrecruiters.com/Verisk/743999946517680-consulting-intern,N/A,Internship,Edinburgh,UK,Consulting,Energy Consulting,Entry-level,Hybrid
FTI Consulting,Summer Internship Programme ,https://fticonsult.referrals.selectminds.com/ftistudentcareers/jobs/2024-summer-internship-economic-financial-consulting-17434,31/01/2024,Internship,London,UK,Consulting,Financial Consulting,Entry-level,Hybrid
Korn Ferry,Summer Internship Programme (EU),https://kornferry.tal.net/vx/appcentre-ext/brand-4/spa-1/candidate/so/pm/1/pl/2/opp/15717-Summer-2024-Internship-London/en-GB,01/03/2024,Internship,London,UK,Consulting,HR Consulting,Entry-level,Hybrid
LCP,Insurance Summer Internship,https://careers.lcp.com/search-all-vacancies/job-vacancy?id=219839,N/A,Internship,London,UK,Consulting,Insurance Consulting,Entry-level,Hybrid
Gartner,EU Consulting Summer Internship,https://jobs.gartner.com/jobs/job/79739-european-consulting-internship-summer-2024-masters-2025-graduates-multiple-locations?source=UNV-10349,N/A,Internship,London,UK,Consulting,Market Research,Entry-level,Hybrid
OC&C Strategy Consultants,Graduate Summer internship,https://careers.occstrategy.com/vacancies/243/graduate-summer-internship-2024-london-office.html,07/01/2024,Internship,London,UK,Consulting,Strategy Consulting,Entry-level,Hybrid
McKinsey & Company,Associate Intern,https://www.mckinsey.com/careers/search-jobs/jobs/associateintern-14918,Rolling,Internship,London,UK,Consulting,Strategy Consulting,Entry-level,Hybrid
Baringa,Summer Undergraduate Internship,https://baringa.csod.com/ux/ats/careersite/4/home/requisition/1369?c=baringa,01/01/2024,Internship,London,UK,Consulting,Strategy Consulting,Entry-level,Hybrid
LEK Consulting,Summer Associate,https://lek.tal.net/vx/lang-en-GB/mobile-0/appcentre-1/brand-2/candidate/so/pm/1/pl/1/opp/3343-Summer-Associate-London-Office-2024/en-GB,07/01/2024,Internship,London,UK,Consulting,Strategy Consulting,Entry-level,Hybrid
Accuracy,Finance Internship,https://careers.accuracy.com/,Rolling,Internship,London,UK,Consulting ,M&A,Entry-level,Hybrid
PWC,Audit Summer Internship,https://jobs.pwc.co.uk/student/uk/en/apply?jobSeqNo=PUDPUNUK473968WDEXTERNALENUK&step=1,Rolling,Internship,London,UK,Finance ,Audit,Entry-level,Hybrid
BDO,Summer Internship Programme ,https://careers.bdo.co.uk/job/birmingham/2024-summer-internship-programme/1469/6522969600?source=BrightNetwork&utm_source=BrightNetwork&utm_medium=JobPosting&utm_campaign=33_543901_EarlyCareers_Graduates_2023&utm_term=1x1&utm_content=SummerPlacementProgramme,02/03/2024,Internship,Various,UK,Finance ,Audit,Entry-level,Hybrid
Millenium Management,Finance Internship,https://trkr.app/vacancy/finance-intern-2024/,29/12/2023,Internship,London,UK,Finance ,Core Infrastructure,Entry-level,Hybrid
Brevan Howard ,Finance Summer Internship,https://wd3.myworkdaysite.com/en-US/recruiting/brevanhoward/BH_ExternalCareers/job/London-82/Summer-Internship_JR100486,Rolling,Internship,London,UK,Finance ,Financial Markets,Entry-level,Hybrid
Cerberus Capital Management,CES Asset Management Summer Internship,https://cerberus.wd1.myworkdayjobs.com/en-US/CerberusCareers/job/London-United-Kingdom/XMLNAME-2024-UK-Summer-CES-Asset-Management-Internship_R1172?locations=220ccf21815501decd9e5d469507c05f,Rolling,Internship,London,UK,Investment and Asset Management,Asset Management,Entry-level,Hybrid
Royal Bank of Canada ,Summer Analyst - Corporate Banking,https://rbccmgraduates.gtisolutions.co.uk/2024summer-analystcorporate-banking/260/viewdetails,Rolling,Internship,London,UK,Investment and Asset Management,Corporate Finance ,Entry-level,Hybrid
Royal Bank of Canada ,Summer Analyst - Finance,https://rbccmgraduates.gtisolutions.co.uk/2024summer-analyst---global-investment-banking/255/viewdetails,Rolling,Internship,London,UK,Investment and Asset Management,Finance,Entry-level,Hybrid
Hymans Robertson,Summer Internship Programme,https://hymans.current-vacancies.com/Jobs/Advert/3264996?cid=2054&t=Summer-Internship-Programme,31/01/2024,Internship,London,UK,Investment and Asset Management,Investment and Asset Management,Entry-level,Hybrid
Goldman Sachs ,Off-Cycle Internships,https://goldmansachs.tal.net/vx/lang-en-GB/mobile-0/brand-2/xf-d5711d1afb50/candidate/register,Rolling,Internship,Global,Global,Investment and Asset Management,Investment Banking ,Entry-level,Hybrid
Barings,Investment Management Summer Internship,https://barings.wd1.myworkdayjobs.com/en-US/Barings/job/London-United-Kingdom/Barings-Investment-Management-Summer-Internship_JR_004872,Rolling,Internship,London,UK,Investment and Asset Management,Investment Banking ,Entry-level,Hybrid
Moelis & Company,Summer Analyst,https://moelis-careers.tal.net/vx/lang-en-GB/mobile-0/appcentre-1/brand-4/user-7/xf-807238d10272/wid-2/candidate/so/pm/1/pl/2/opp/36-2024-Summer-Analyst-Investment-Banking-London/en-GB,Rolling,Internship,London,UK,Investment and Asset Management,Investment Banking ,Entry-level,Hybrid
MUFG,Coverage and Investment Banking Summer Internship,https://mufgub.wd3.myworkdayjobs.com/en-US/MUFG-Careers/job/London/MUFG-2024-UK-Coverage---Investment-Banking-Summer-Internship_10061826-WD-1,08/01/2024,Internship,London,UK,Investment and Asset Management,Investment Banking ,Entry-level,Hybrid
BNY Mellon,Investment Management Summer Internship Programme,https://bnymellon.eightfold.ai/careers?pid=17632073&domain=bnymellon.com,Rolling,Internship,London,UK,Investment and Asset Management,Investment Management,Entry-level,Hybrid
Royal Bank of Canada ,Summer Analyst - Global Investment Banking ,https://rbccmgraduates.gtisolutions.co.uk/2024summer-analyst---global-investment-banking/255/viewdetails,Rolling,Internship,London,UK,Investment and Asset Management,Investment Management,Entry-level,Hybrid
Verition ,Summer Internship - Investment,https://www.verition.com/open-positions?gh_jid=4041599007&gh_src=f2276b3d7us,Rolling,Internship,London,UK,Investment and Asset Management,Investment Management,Entry-level,Hybrid
DWS,Summer Internship - Investment Division,https://dws.groupgti.com/2024-dws-internship---investment-division---uk/19/viewdetails,Rolling,Internship,London,UK,Investment and Asset Management,Investment Management,Entry-level,Hybrid
Legal & General,Investment Summer Internship,https://jobs.smartrecruiters.com/LegalAndGeneral/743999949816273-investment-summer-internship-2024?trid=4556ca14-794c-4023-bd62-6813e288177e,Rolling,Internship,London,UK,Investment and Asset Management,Investment Management,Entry-level,Hybrid
Balyasny Asset Management,Fixed Income Summer Internship,https://bambusdev.my.site.com/s/details?jobReq=Fixed-Income-Quantitative-Analyst-%E2%80%93-Macro---Commodities-Investment-Teams-_REQ5179,Rolling,Internship,London,UK,Investment and Asset Management,Investment Management,Entry-level,Hybrid
Credit Agricole Group,Legal Department Summer Internship,https://groupecreditagricole.jobs/en/apply-without-account/summer-internship-programme-2024---legal-department-reference--2023-83705--/,Rolling,Internship,London,UK,Investment and Asset Management,Law,Entry-level,Hybrid
Cerberus Capital Management,Summer Legal and Compliance Internship,https://cerberus.wd1.myworkdayjobs.com/en-US/CerberusCareers/job/London-United-Kingdom/XMLNAME-2024-UK-Summer-Legal---Compliance-Internship_R1177,Rolling,Internship,London,UK,Investment and Asset Management,Law,Entry-level,Hybrid
CDPQ,Private Equity Intern,https://cdpq.wd10.myworkdayjobs.com/en-US/CDPQ-recrutement-universitaire/job/Intern--Private-Equity_R02982?locations=1ae8f3a46c3f01272bab23d7d109ab10,Rolling,Internship,London,UK,Investment and Asset Management,Private Equity,Entry-level,Hybrid
MavensWood,Private Equity Analyst,https://mavenswood.freshteam.com/jobs/coz0TIxB5MVS/private-equity-analyst,Rolling,Internship,London,UK,Investment and Asset Management,Private Equity,Entry-level,Hybrid
Neuberger Berman,Intern,https://nb.wd1.myworkdayjobs.com/en-US/nbcareers/job/London/Intern_R0008830?locations=7bfa81f3f1a101929a3b77afc3985976&locations=0c6af06679b4012c714901a28e49b060,Rolling,Internship,London,UK,Investment and Asset Management,Secondaries Investment Management,Entry-level,Hybrid
MarshMcLennan,Mercer - Wealth Summer Internship,https://careers.marshmclennan.com/eu/en/apply?jobSeqNo=MAMCGLOBALR249605EXTERNALENGLOBAL&step=1,Rolling,Internship,London,UK,Investment and Asset Management,Wealth Manangement,Entry-level,Hybrid
ABN AMRO,Legal Internship Programme,https://www.werkenbijabnamro.nl/en/vacancy/5964/internship-programme-2024-uk-legal#vacancy-application-form,Rolling,Internship,London,UK,Law,Law,Entry-level,Hybrid
Ardian,Legal Intern,https://careers.ardian.com/en-GB/jobs/2455619-legal-intern,Rolling,Internship,London,UK,Law,Legal Structuration,Entry-level,Hybrid
Seagate Technologies,Legal Summer Intern,https://seagatecareers.com/job/DerryLondonderry-Legal-Summer-Intern-%28EMEA%29/1104871300/,Rolling,Internship,Marlow,UK,Technology,Law,Entry-level,Hybrid
Accenture,,https://www.accenture.com/gb-en/careers/local/summer-vacation-scheme,,Internship,London,UK,Consulting,Technology Consulting,Entry-level,Hybrid
Atos,,https://atos.net/en/careers-backup/student-and-university-programs/our-internship-program,,Internship,London,UK,Consulting,Technology Consulting,Entry-level,Hybrid
Arthur D Little,,,,Internship,London,UK,Consulting,Strategy Consulting,Entry-level,Hybrid
Baringa,,,,Internship,London,UK,Consulting,Strategy Consulting,Entry-level,Hybrid
Boston Consulting Group,Associate / Consultant,https://careers.bcg.com/internship-opportunities,28th January,Internship,London,UK,Consulting,Strategy Consulting,Entry-level,Hybrid
BWB Consulting,,https://www.bwbconsulting.com/,26th October,Internship,London,UK,Consulting,IGH Consulting,Entry-level,Hybrid
Capgemini,,https://www.capgemini.com/careers/join-capgemini/job-search/#size=15,,Internship,London,UK,Consulting,Technology Consulting,Entry-level,Hybrid
Capital One,Strategy Analyst,https://jobs.capitalone.co.uk/earlycareers#anchor-programmes2,18th February,Internship,London,UK,Consulting,Financial Consulting,Entry-level,Hybrid
Charles River Associates,Intern,https://www.crai.com/cra-careers/intern-program/,Rolling,Internship,London,UK,Consulting,Economic Consulting,Entry-level,Hybrid
CIL Management Consultants,Intern Associate,https://cil.com/careers/openroles,,Internship,London,UK,Consulting,Management Consulting,Entry-level,Hybrid
Compass Lexecon,Intern,https://www.compasslexecon.com/careers/,Rolling,Internship,London,UK,Consulting,Economic Consulting,Entry-level,Hybrid
Deloitte,Analyst,https://deloitteie.wd3.myworkdayjobs.com/Early_Careers,Rolling,Internship,London,UK,Consulting,Strategy Consulting,Entry-level,Hybrid
Elixirr,,,,Internship,London,UK,Consulting,Strategy Consulting,Entry-level,Hybrid
EY,,https://www.ey.com/en_uk/careers/students/programmes/undergraduates/sip,,Internship,London,UK,Consulting,Management Consulting,Entry-level,Hybrid
Macqaurie ,Summer Internship Programme (EU),https://recruitment.macquarie.com/en_US/careers/JobDetail?jobId=7387#,31st Decemeber,Internship,London,UK,Consulting,Financial Consutling,Entry-level,Hybrid
