url,ats_name
https://5ivetech.co.uk/apply-job/?job_id=ODU5NDI=,
https://alphasights.hire.trakstar.com/jobs/fk0zzt/,
https://bambusdev.my.site.com/s/details?jobReq=Fixed-Income-Quantitative-Analyst-%E2%80%93-Macro---Commodities-Investment-Teams-_REQ5179,
https://bolt.eu/en/careers/positions/6989975002,
https://5ivetech.co.uk/apply-job/?job_id=ODU5NDI=,
https://alphasights.hire.trakstar.com/jobs/fk0zzt/,
https://5ivetech.co.uk/apply-job/?job_id=ODU5NDI=,
https://alphasights.hire.trakstar.com/jobs/fk0zzt/,
https://bambusdev.my.site.com/s/details?jobReq=Fixed-Income-Quantitative-Analyst-%E2%80%93-Macro---Commodities-Investment-Teams-_REQ5179,
https://bolt.eu/en/careers/positions/6989975002,
https://business.trustpilot.com/jobs/5555044,SAP SuccessFactors
https://careers.accuracy.com/,
https://careers.ardian.com/en-GB/jobs/2455619-legal-intern,
https://careers.bdo.co.uk/job/birmingham/2024-summer-internship-programme/1469/6522969600,Workday
https://5ivetech.co.uk/apply-job/?job_id=ODU5NDI=,
https://alphasights.hire.trakstar.com/jobs/fk0zzt/,
https://bambusdev.my.site.com/s/details?jobReq=Fixed-Income-Quantitative-Analyst-%E2%80%93-Macro---Commodities-Investment-Teams-_REQ5179,
https://5ivetech.co.uk/apply-job/?job_id=ODU5NDI=,
https://alphasights.hire.trakstar.com/jobs/fk0zzt/,
https://bambusdev.my.site.com/s/details?jobReq=Fixed-Income-Quantitative-Analyst-%E2%80%93-Macro---Commodities-Investment-Teams-_REQ5179,
https://5ivetech.co.uk/apply-job/?job_id=ODU5NDI=,
https://alphasights.hire.trakstar.com/jobs/fk0zzt/,
https://bambusdev.my.site.com/s/details?jobReq=Fixed-Income-Quantitative-Analyst-%E2%80%93-Macro---Commodities-Investment-Teams-_REQ5179,
https://bolt.eu/en/careers/positions/6989975002,
https://business.trustpilot.com/jobs/5555044,SAP SuccessFactors
https://careers.accuracy.com/,
https://careers.ardian.com/en-GB/jobs/2455619-legal-intern,
https://careers.bdo.co.uk/job/birmingham/2024-summer-internship-programme/1469/6522969600,Workday
https://careers.datadoghq.com/detail/4452892,
https://careers.judge.me/jobs/t7THEE3YAvBh/fullstack-ruby-on-rails-developer,Freshteam
https://careers.justeattakeaway.com/global/en/apply?jobSeqNo=TAKEGLOBALR035518ENGLOBAL&step=1,Phenom
https://careers.lcp.com/search-all-vacancies/job-vacancy?id=219839,
https://careers.marshmclennan.com/eu/en/apply?jobSeqNo=MAMCGLOBALR249605EXTERNALENGLOBAL&step=1,Phenom
https://careers.occstrategy.com/vacancies/243/graduate-summer-internship-2024-london-office.html,
https://careers.tiktok.com/position/7298315322230229257/detail,LinkedIn
https://groupecreditagricole.jobs/en/apply-without-account/summer-internship-programme-2024---legal-department-reference--2023-83705--/,
https://hymans.current-vacancies.com/Jobs/Advert/3264996?cid=2054&t=Summer-Internship-Programme,SAP SuccessFactors
https://jobs.apple.com/en-us/details/200525781/network-engineer-internship-apple-is-t,
https://jobs.bettyblocks.com/o/full-stack-developer-2-3,
https://5ivetech.co.uk/apply-job/?job_id=ODU5NDI=,
https://alphasights.hire.trakstar.com/jobs/fk0zzt/,
https://bambusdev.my.site.com/s/details?jobReq=Fixed-Income-Quantitative-Analyst-%E2%80%93-Macro---Commodities-Investment-Teams-_REQ5179,
https://bolt.eu/en/careers/positions/6989975002,
https://business.trustpilot.com/jobs/5555044,SAP SuccessFactors
https://careers.accuracy.com/,
https://careers.ardian.com/en-GB/jobs/2455619-legal-intern,
https://careers.bdo.co.uk/job/birmingham/2024-summer-internship-programme/1469/6522969600,Workday
https://careers.datadoghq.com/detail/4452892,
https://careers.judge.me/jobs/t7THEE3YAvBh/fullstack-ruby-on-rails-developer,Freshteam
https://careers.justeattakeaway.com/global/en/apply?jobSeqNo=TAKEGLOBALR035518ENGLOBAL&step=1,Phenom
https://careers.lcp.com/search-all-vacancies/job-vacancy?id=219839,
https://careers.marshmclennan.com/eu/en/apply?jobSeqNo=MAMCGLOBALR249605EXTERNALENGLOBAL&step=1,Phenom
https://careers.occstrategy.com/vacancies/243/graduate-summer-internship-2024-london-office.html,
https://careers.tiktok.com/position/7298315322230229257/detail,LinkedIn
https://groupecreditagricole.jobs/en/apply-without-account/summer-internship-programme-2024---legal-department-reference--2023-83705--/,
https://hymans.current-vacancies.com/Jobs/Advert/3264996?cid=2054&t=Summer-Internship-Programme,SAP SuccessFactors
https://jobs.apple.com/en-us/details/200525781/network-engineer-internship-apple-is-t,
https://jobs.bettyblocks.com/o/full-stack-developer-2-3,
https://jobs.gartner.com/jobs/job/79739-european-consulting-internship-summer-2024-masters-2025-graduates-multiple-locations?source=UNV-10349,
https://jobs.natwestgroup.com/jobs/13295700-internal-audit-risk-internship,
https://jobs.pwc.co.uk/student/uk/en/apply?jobSeqNo=PUDPUNUK473968WDEXTERNALENUK&step=1,Phenom
https://nucamp.breezy.hr/p/ac8a9f22ce28-cybersecurity-fundamentals-teaching-assistant-coding-instructor-online-central-timezone/apply,
https://rbccmgraduates.gtisolutions.co.uk/2024summer-analyst---global-investment-banking/255/viewdetails,Group GTI
https://rbccmgraduates.gtisolutions.co.uk/2024summer-analystcorporate-banking/260/viewdetails,Group GTI
https://ripple.com/careers/all-jobs/job/5144512,
https://ripple.com/careers/all-jobs/job/5558121/,
https://seagatecareers.com/job/DerryLondonderry-Legal-Summer-Intern-%28EMEA%29/1104871300/,SAP SuccessFactors
https://trkr.app/vacancy/finance-intern-2024/,
https://uk.indeed.com/viewjob?jk=36cda28dd190bc72,
https://www.accenture.com/gb-en/careers/jobdetails?id=R00194702_en&title=Management%20Consultant,Workday
https://www.aplitrak.com/?adid=bWF4bS41NzI2Mi41NDAzQG5vaXJjb25zdWx0aW5nLmFwbGl0cmFrLmNvbQ,
https://www.aplitrak.com/?adid=bWF4bS41NzI2Mi41NDAzQG5vaXJjb25zdWx0aW5nLmFwbGl0cmFrLmNvbQ,
https://www.coventrycareers.co.uk/vacancies/7603/graduate-internship--legal-risk--control-legal-counsel.html,
https://www.hubspot.com/careers/jobs/5402223,SAP SuccessFactors
https://www.internwise.co.uk/job/33389/ruby-on-rails-developer-internship,LinkedIn
https://5ivetech.co.uk/apply-job/?job_id=ODU5NDI=,
https://alphasights.hire.trakstar.com/jobs/fk0zzt/,
https://bambusdev.my.site.com/s/details?jobReq=Fixed-Income-Quantitative-Analyst-%E2%80%93-Macro---Commodities-Investment-Teams-_REQ5179,
https://bolt.eu/en/careers/positions/6989975002,
https://business.trustpilot.com/jobs/5555044,SAP SuccessFactors
https://careers.accuracy.com/,
https://careers.ardian.com/en-GB/jobs/2455619-legal-intern,
https://careers.bdo.co.uk/job/birmingham/2024-summer-internship-programme/1469/6522969600,Workday
https://careers.datadoghq.com/detail/4452892,
https://careers.judge.me/jobs/t7THEE3YAvBh/fullstack-ruby-on-rails-developer,Freshteam
https://careers.justeattakeaway.com/global/en/apply?jobSeqNo=TAKEGLOBALR035518ENGLOBAL&step=1,Phenom
https://careers.lcp.com/search-all-vacancies/job-vacancy?id=219839,
https://careers.marshmclennan.com/eu/en/apply?jobSeqNo=MAMCGLOBALR249605EXTERNALENGLOBAL&step=1,Phenom
https://careers.occstrategy.com/vacancies/243/graduate-summer-internship-2024-london-office.html,
https://careers.tiktok.com/position/7298315322230229257/detail,LinkedIn
https://groupecreditagricole.jobs/en/apply-without-account/summer-internship-programme-2024---legal-department-reference--2023-83705--/,
https://hymans.current-vacancies.com/Jobs/Advert/3264996?cid=2054&t=Summer-Internship-Programme,SAP SuccessFactors
https://jobs.apple.com/en-us/details/200525781/network-engineer-internship-apple-is-t,
https://jobs.bettyblocks.com/o/full-stack-developer-2-3,
https://jobs.gartner.com/jobs/job/79739-european-consulting-internship-summer-2024-masters-2025-graduates-multiple-locations?source=UNV-10349,
https://jobs.natwestgroup.com/jobs/13295700-internal-audit-risk-internship,
https://jobs.pwc.co.uk/student/uk/en/apply?jobSeqNo=PUDPUNUK473968WDEXTERNALENUK&step=1,Phenom
https://nucamp.breezy.hr/p/ac8a9f22ce28-cybersecurity-fundamentals-teaching-assistant-coding-instructor-online-central-timezone/apply,
https://rbccmgraduates.gtisolutions.co.uk/2024summer-analyst---global-investment-banking/255/viewdetails,Group GTI
https://rbccmgraduates.gtisolutions.co.uk/2024summer-analystcorporate-banking/260/viewdetails,Group GTI
https://ripple.com/careers/all-jobs/job/5144512,
https://ripple.com/careers/all-jobs/job/5558121/,
https://seagatecareers.com/job/DerryLondonderry-Legal-Summer-Intern-%28EMEA%29/1104871300/,SAP SuccessFactors
https://trkr.app/vacancy/finance-intern-2024/,
https://uk.indeed.com/viewjob?jk=36cda28dd190bc72,
https://www.accenture.com/gb-en/careers/jobdetails?id=R00194702_en&title=Management%20Consultant,Workday
https://www.aplitrak.com/?adid=bWF4bS41NzI2Mi41NDAzQG5vaXJjb25zdWx0aW5nLmFwbGl0cmFrLmNvbQ,
https://www.aplitrak.com/?adid=bWF4bS41NzI2Mi41NDAzQG5vaXJjb25zdWx0aW5nLmFwbGl0cmFrLmNvbQ,
https://www.coventrycareers.co.uk/vacancies/7603/graduate-internship--legal-risk--control-legal-counsel.html,
https://www.hubspot.com/careers/jobs/5402223,SAP SuccessFactors
https://www.internwise.co.uk/job/33389/ruby-on-rails-developer-internship,LinkedIn
https://5ivetech.co.uk/apply-job/?job_id=ODU5NDI=,
https://5ivetech.co.uk/apply-job/?job_id=ODU5NDI=,
https://5ivetech.co.uk/apply-job/?job_id=ODU5NDI=,
https://alphasights.hire.trakstar.com/jobs/fk0zzt/,
https://bambusdev.my.site.com/s/details?jobReq=Fixed-Income-Quantitative-Analyst-%E2%80%93-Macro---Commodities-Investment-Teams-_REQ5179,
https://bolt.eu/en/careers/positions/6989975002,
https://business.trustpilot.com/jobs/5555044,SAP SuccessFactors
https://careers.accuracy.com/,
https://careers.ardian.com/en-GB/jobs/2455619-legal-intern,
https://careers.bdo.co.uk/job/birmingham/2024-summer-internship-programme/1469/6522969600,Workday
https://careers.datadoghq.com/detail/4452892,
https://careers.judge.me/jobs/t7THEE3YAvBh/fullstack-ruby-on-rails-developer,Freshteam
https://careers.justeattakeaway.com/global/en/apply?jobSeqNo=TAKEGLOBALR035518ENGLOBAL&step=1,Phenom
https://careers.lcp.com/search-all-vacancies/job-vacancy?id=219839,
https://careers.marshmclennan.com/eu/en/apply?jobSeqNo=MAMCGLOBALR249605EXTERNALENGLOBAL&step=1,Phenom
https://careers.occstrategy.com/vacancies/243/graduate-summer-internship-2024-london-office.html,
https://careers.tiktok.com/position/7298315322230229257/detail,LinkedIn
https://groupecreditagricole.jobs/en/apply-without-account/summer-internship-programme-2024---legal-department-reference--2023-83705--/,
https://hymans.current-vacancies.com/Jobs/Advert/3264996?cid=2054&t=Summer-Internship-Programme,SAP SuccessFactors
https://jobs.apple.com/en-us/details/200525781/network-engineer-internship-apple-is-t,
https://jobs.bettyblocks.com/o/full-stack-developer-2-3,
https://jobs.gartner.com/jobs/job/79739-european-consulting-internship-summer-2024-masters-2025-graduates-multiple-locations?source=UNV-10349,
https://jobs.natwestgroup.com/jobs/13295700-internal-audit-risk-internship,
https://jobs.pwc.co.uk/student/uk/en/apply?jobSeqNo=PUDPUNUK473968WDEXTERNALENUK&step=1,Phenom
https://nucamp.breezy.hr/p/ac8a9f22ce28-cybersecurity-fundamentals-teaching-assistant-coding-instructor-online-central-timezone/apply,
https://rbccmgraduates.gtisolutions.co.uk/2024summer-analyst---global-investment-banking/255/viewdetails,Group GTI
https://rbccmgraduates.gtisolutions.co.uk/2024summer-analystcorporate-banking/260/viewdetails,Group GTI
https://ripple.com/careers/all-jobs/job/5144512,
https://ripple.com/careers/all-jobs/job/5558121/,
https://seagatecareers.com/job/DerryLondonderry-Legal-Summer-Intern-%28EMEA%29/1104871300/,SAP SuccessFactors
https://trkr.app/vacancy/finance-intern-2024/,
https://uk.indeed.com/viewjob?jk=36cda28dd190bc72,
https://www.accenture.com/gb-en/careers/jobdetails?id=R00194702_en&title=Management%20Consultant,Workday
https://www.aplitrak.com/?adid=bWF4bS41NzI2Mi41NDAzQG5vaXJjb25zdWx0aW5nLmFwbGl0cmFrLmNvbQ,
https://www.aplitrak.com/?adid=bWF4bS41NzI2Mi41NDAzQG5vaXJjb25zdWx0aW5nLmFwbGl0cmFrLmNvbQ,
https://www.coventrycareers.co.uk/vacancies/7603/graduate-internship--legal-risk--control-legal-counsel.html,
https://www.hubspot.com/careers/jobs/5402223,SAP SuccessFactors
https://www.internwise.co.uk/job/33389/ruby-on-rails-developer-internship,LinkedIn
https://5ivetech.co.uk/apply-job/?job_id=ODU5NDI=,
https://alphasights.hire.trakstar.com/jobs/fk0zzt/,
https://bambusdev.my.site.com/s/details?jobReq=Fixed-Income-Quantitative-Analyst-%E2%80%93-Macro---Commodities-Investment-Teams-_REQ5179,
https://bolt.eu/en/careers/positions/6989975002,
https://business.trustpilot.com/jobs/5555044,
https://careers.accuracy.com/,
https://careers.ardian.com/en-GB/jobs/2455619-legal-intern,
https://careers.bdo.co.uk/job/birmingham/2024-summer-internship-programme/1469/6522969600,
https://careers.datadoghq.com/detail/4452892,
https://careers.judge.me/jobs/t7THEE3YAvBh/fullstack-ruby-on-rails-developer,
https://careers.justeattakeaway.com/global/en/apply?jobSeqNo=TAKEGLOBALR035518ENGLOBAL&step=1,
https://careers.lcp.com/search-all-vacancies/job-vacancy?id=219839,
https://careers.marshmclennan.com/eu/en/apply?jobSeqNo=MAMCGLOBALR249605EXTERNALENGLOBAL&step=1,
https://careers.occstrategy.com/vacancies/243/graduate-summer-internship-2024-london-office.html,
https://careers.tiktok.com/position/7298315322230229257/detail,
https://5ivetech.co.uk/apply-job/?job_id=ODU5NDI=,
https://alphasights.hire.trakstar.com/jobs/fk0zzt/,
https://bambusdev.my.site.com/s/details?jobReq=Fixed-Income-Quantitative-Analyst-%E2%80%93-Macro---Commodities-Investment-Teams-_REQ5179,
https://bolt.eu/en/careers/positions/6989975002,
https://business.trustpilot.com/jobs/5555044,
https://careers.accuracy.com/,
https://careers.ardian.com/en-GB/jobs/2455619-legal-intern,
https://careers.bdo.co.uk/job/birmingham/2024-summer-internship-programme/1469/6522969600,
https://careers.datadoghq.com/detail/4452892,
https://careers.judge.me/jobs/t7THEE3YAvBh/fullstack-ruby-on-rails-developer,
https://careers.justeattakeaway.com/global/en/apply?jobSeqNo=TAKEGLOBALR035518ENGLOBAL&step=1,
https://careers.lcp.com/search-all-vacancies/job-vacancy?id=219839,
https://careers.marshmclennan.com/eu/en/apply?jobSeqNo=MAMCGLOBALR249605EXTERNALENGLOBAL&step=1,
https://careers.occstrategy.com/vacancies/243/graduate-summer-internship-2024-london-office.html,
https://careers.tiktok.com/position/7298315322230229257/detail,
https://groupecreditagricole.jobs/en/apply-without-account/summer-internship-programme-2024---legal-department-reference--2023-83705--/,
https://hymans.current-vacancies.com/Jobs/Advert/3264996?cid=2054&t=Summer-Internship-Programme,
https://jobs.apple.com/en-us/details/200525781/network-engineer-internship-apple-is-t,
https://jobs.bettyblocks.com/o/full-stack-developer-2-3,
https://jobs.gartner.com/jobs/job/79739-european-consulting-internship-summer-2024-masters-2025-graduates-multiple-locations?source=UNV-10349,
https://jobs.natwestgroup.com/jobs/13295700-internal-audit-risk-internship,
https://jobs.pwc.co.uk/student/uk/en/apply?jobSeqNo=PUDPUNUK473968WDEXTERNALENUK&step=1,
https://nucamp.breezy.hr/p/ac8a9f22ce28-cybersecurity-fundamentals-teaching-assistant-coding-instructor-online-central-timezone/apply,
https://rbccmgraduates.gtisolutions.co.uk/2024summer-analyst---global-investment-banking/255/viewdetails,
https://rbccmgraduates.gtisolutions.co.uk/2024summer-analystcorporate-banking/260/viewdetails,
https://ripple.com/careers/all-jobs/job/5144512,
https://ripple.com/careers/all-jobs/job/5558121/,
https://seagatecareers.com/job/DerryLondonderry-Legal-Summer-Intern-%28EMEA%29/1104871300/,
https://trkr.app/vacancy/finance-intern-2024/,
https://uk.indeed.com/viewjob?jk=36cda28dd190bc72,
https://www.accenture.com/gb-en/careers/jobdetails?id=R00194702_en&title=Management%20Consultant,
https://www.aplitrak.com/?adid=bWF4bS41NzI2Mi41NDAzQG5vaXJjb25zdWx0aW5nLmFwbGl0cmFrLmNvbQ,
https://www.aplitrak.com/?adid=bWF4bS41NzI2Mi41NDAzQG5vaXJjb25zdWx0aW5nLmFwbGl0cmFrLmNvbQ,
https://www.coventrycareers.co.uk/vacancies/7603/graduate-internship--legal-risk--control-legal-counsel.html,
https://www.hubspot.com/careers/jobs/5402223,
https://www.internwise.co.uk/job/33389/ruby-on-rails-developer-internship,
https://www.mckinsey.com/careers/search-jobs/jobs/associateintern-14918,
https://www.mongodb.com/careers/jobs/5424409,
https://www.oho.co.uk/job-details/?id=mid-level-ruby-on-rails-developer-876454,
https://www.onemedical.com/careers/all-departments/5433427,
https://www.recruit.net/job/ruby-on-rails-developer-jobs/F02F2507F39B18DD,
https://www.reed.co.uk/jobs/junior-software-developer-ruby-on-rails/51872078,
https://www.robertwalters.co.uk/technologydigital/jobs/softwaredevelopmentengineering/1705516-fullstack-developer-12month.html,
https://www.sumup.com/careers/positions/london-united-kingdom/engineering/engineering-manager-mobile-global-bank/6970735002,
https://www.werkenbijabnamro.nl/en/vacancy/5964/internship-programme-2024-uk-legal#vacancy-application-form,
https://5ivetech.co.uk/apply-job/?job_id=ODU5NDI=,
https://alphasights.hire.trakstar.com/jobs/fk0zzt/,
https://bambusdev.my.site.com/s/details?jobReq=Fixed-Income-Quantitative-Analyst-%E2%80%93-Macro---Commodities-Investment-Teams-_REQ5179,
https://bolt.eu/en/careers/positions/6989975002,
https://business.trustpilot.com/jobs/5555044,SAP SuccessFactors
https://careers.accuracy.com/,
https://careers.ardian.com/en-GB/jobs/2455619-legal-intern,
https://careers.bdo.co.uk/job/birmingham/2024-summer-internship-programme/1469/6522969600,Workday
https://careers.datadoghq.com/detail/4452892,
https://careers.judge.me/jobs/t7THEE3YAvBh/fullstack-ruby-on-rails-developer,Freshteam
https://careers.justeattakeaway.com/global/en/apply?jobSeqNo=TAKEGLOBALR035518ENGLOBAL&step=1,Phenom
https://careers.lcp.com/search-all-vacancies/job-vacancy?id=219839,
https://careers.marshmclennan.com/eu/en/apply?jobSeqNo=MAMCGLOBALR249605EXTERNALENGLOBAL&step=1,Phenom
https://careers.occstrategy.com/vacancies/243/graduate-summer-internship-2024-london-office.html,
https://careers.tiktok.com/position/7298315322230229257/detail,LinkedIn
https://groupecreditagricole.jobs/en/apply-without-account/summer-internship-programme-2024---legal-department-reference--2023-83705--/,
https://hymans.current-vacancies.com/Jobs/Advert/3264996?cid=2054&t=Summer-Internship-Programme,SAP SuccessFactors
https://jobs.apple.com/en-us/details/200525781/network-engineer-internship-apple-is-t,
https://jobs.bettyblocks.com/o/full-stack-developer-2-3,
https://jobs.gartner.com/jobs/job/79739-european-consulting-internship-summer-2024-masters-2025-graduates-multiple-locations?source=UNV-10349,
https://jobs.natwestgroup.com/jobs/13295700-internal-audit-risk-internship,
https://jobs.pwc.co.uk/student/uk/en/apply?jobSeqNo=PUDPUNUK473968WDEXTERNALENUK&step=1,Phenom
https://nucamp.breezy.hr/p/ac8a9f22ce28-cybersecurity-fundamentals-teaching-assistant-coding-instructor-online-central-timezone/apply,
https://rbccmgraduates.gtisolutions.co.uk/2024summer-analyst---global-investment-banking/255/viewdetails,Group GTI
https://rbccmgraduates.gtisolutions.co.uk/2024summer-analystcorporate-banking/260/viewdetails,Group GTI
https://ripple.com/careers/all-jobs/job/5144512,
https://ripple.com/careers/all-jobs/job/5558121/,
https://seagatecareers.com/job/DerryLondonderry-Legal-Summer-Intern-%28EMEA%29/1104871300/,SAP SuccessFactors
https://trkr.app/vacancy/finance-intern-2024/,
https://uk.indeed.com/viewjob?jk=36cda28dd190bc72,
https://www.accenture.com/gb-en/careers/jobdetails?id=R00194702_en&title=Management%20Consultant,Workday
https://www.aplitrak.com/?adid=bWF4bS41NzI2Mi41NDAzQG5vaXJjb25zdWx0aW5nLmFwbGl0cmFrLmNvbQ,
https://www.aplitrak.com/?adid=bWF4bS41NzI2Mi41NDAzQG5vaXJjb25zdWx0aW5nLmFwbGl0cmFrLmNvbQ,
https://www.coventrycareers.co.uk/vacancies/7603/graduate-internship--legal-risk--control-legal-counsel.html,
https://www.hubspot.com/careers/jobs/5402223,SAP SuccessFactors
https://www.internwise.co.uk/job/33389/ruby-on-rails-developer-internship,LinkedIn
https://www.mckinsey.com/careers/search-jobs/jobs/associateintern-14918,
https://www.mongodb.com/careers/jobs/5424409,
https://www.oho.co.uk/job-details/?id=mid-level-ruby-on-rails-developer-876454,
https://www.onemedical.com/careers/all-departments/5433427,
https://www.recruit.net/job/ruby-on-rails-developer-jobs/F02F2507F39B18DD,
https://www.reed.co.uk/jobs/junior-software-developer-ruby-on-rails/51872078,
https://www.robertwalters.co.uk/technologydigital/jobs/softwaredevelopmentengineering/1705516-fullstack-developer-12month.html,
https://www.sumup.com/careers/positions/london-united-kingdom/engineering/engineering-manager-mobile-global-bank/6970735002,
https://www.werkenbijabnamro.nl/en/vacancy/5964/internship-programme-2024-uk-legal#vacancy-application-form,
https://5ivetech.co.uk/apply-job/?job_id=ODU5NDI=,
https://5ivetech.co.uk/apply-job/?job_id=ODU5NDI=,
https://alphasights.hire.trakstar.com/jobs/fk0zzt/,
https://bambusdev.my.site.com/s/details?jobReq=Fixed-Income-Quantitative-Analyst-%E2%80%93-Macro---Commodities-Investment-Teams-_REQ5179,
https://bolt.eu/en/careers/positions/6989975002,
https://business.trustpilot.com/jobs/5555044,SAP SuccessFactors
https://careers.accuracy.com/,
https://careers.ardian.com/en-GB/jobs/2455619-legal-intern,
https://careers.bdo.co.uk/job/birmingham/2024-summer-internship-programme/1469/6522969600,Workday
https://careers.datadoghq.com/detail/4452892,
https://careers.judge.me/jobs/t7THEE3YAvBh/fullstack-ruby-on-rails-developer,Freshteam
https://careers.justeattakeaway.com/global/en/apply?jobSeqNo=TAKEGLOBALR035518ENGLOBAL&step=1,Phenom
https://careers.lcp.com/search-all-vacancies/job-vacancy?id=219839,
https://careers.marshmclennan.com/eu/en/apply?jobSeqNo=MAMCGLOBALR249605EXTERNALENGLOBAL&step=1,Phenom
https://careers.occstrategy.com/vacancies/243/graduate-summer-internship-2024-london-office.html,
https://careers.tiktok.com/position/7298315322230229257/detail,LinkedIn
https://groupecreditagricole.jobs/en/apply-without-account/summer-internship-programme-2024---legal-department-reference--2023-83705--/,
https://hymans.current-vacancies.com/Jobs/Advert/3264996?cid=2054&t=Summer-Internship-Programme,SAP SuccessFactors
https://jobs.apple.com/en-us/details/200525781/network-engineer-internship-apple-is-t,
https://jobs.bettyblocks.com/o/full-stack-developer-2-3,
https://jobs.gartner.com/jobs/job/79739-european-consulting-internship-summer-2024-masters-2025-graduates-multiple-locations?source=UNV-10349,
https://jobs.natwestgroup.com/jobs/13295700-internal-audit-risk-internship,
https://jobs.pwc.co.uk/student/uk/en/apply?jobSeqNo=PUDPUNUK473968WDEXTERNALENUK&step=1,Phenom
https://nucamp.breezy.hr/p/ac8a9f22ce28-cybersecurity-fundamentals-teaching-assistant-coding-instructor-online-central-timezone/apply,
https://rbccmgraduates.gtisolutions.co.uk/2024summer-analyst---global-investment-banking/255/viewdetails,Group GTI
https://rbccmgraduates.gtisolutions.co.uk/2024summer-analystcorporate-banking/260/viewdetails,Group GTI
https://ripple.com/careers/all-jobs/job/5144512,
https://ripple.com/careers/all-jobs/job/5558121/,
https://seagatecareers.com/job/DerryLondonderry-Legal-Summer-Intern-%28EMEA%29/1104871300/,SAP SuccessFactors
https://trkr.app/vacancy/finance-intern-2024/,
https://uk.indeed.com/viewjob?jk=36cda28dd190bc72,
https://www.accenture.com/gb-en/careers/jobdetails?id=R00194702_en&title=Management%20Consultant,Workday
https://www.aplitrak.com/?adid=bWF4bS41NzI2Mi41NDAzQG5vaXJjb25zdWx0aW5nLmFwbGl0cmFrLmNvbQ,
https://www.aplitrak.com/?adid=bWF4bS41NzI2Mi41NDAzQG5vaXJjb25zdWx0aW5nLmFwbGl0cmFrLmNvbQ,
https://www.coventrycareers.co.uk/vacancies/7603/graduate-internship--legal-risk--control-legal-counsel.html,
https://www.hubspot.com/careers/jobs/5402223,SAP SuccessFactors
https://www.internwise.co.uk/job/33389/ruby-on-rails-developer-internship,LinkedIn
https://www.mckinsey.com/careers/search-jobs/jobs/associateintern-14918,
https://www.mongodb.com/careers/jobs/5424409,
https://www.oho.co.uk/job-details/?id=mid-level-ruby-on-rails-developer-876454,
https://www.onemedical.com/careers/all-departments/5433427,
https://www.recruit.net/job/ruby-on-rails-developer-jobs/F02F2507F39B18DD,
https://www.reed.co.uk/jobs/junior-software-developer-ruby-on-rails/51872078,
https://www.robertwalters.co.uk/technologydigital/jobs/softwaredevelopmentengineering/1705516-fullstack-developer-12month.html,
https://www.sumup.com/careers/positions/london-united-kingdom/engineering/engineering-manager-mobile-global-bank/6970735002,
https://www.werkenbijabnamro.nl/en/vacancy/5964/internship-programme-2024-uk-legal#vacancy-application-form,
https://stripe.com/jobs/listing/backend-engineer-issuing/5850374/apply,Greenhouse
